refsize,bandwidth,time,power
200000,0,1.47571816168429,35
200000,0,1.392914968610272,36
200000,0,1.4456200973308158,37
200000,0,1.449103963039275,38
200000,0,1.4092478561616315,39
200000,0,1.4098695025951662,40
